-- MySQL dump 10.16  Distrib 10.1.48-MariaDB, for debian-linux-gnu (x86_64)
--
-- Host: localhost    Database: ent_lfr6
-- ------------------------------------------------------
-- Server version	10.1.48-MariaDB-0+deb9u2

/*!40101 SET @OLD_CHARACTER_SET_CLIENT=@@CHARACTER_SET_CLIENT */;
/*!40101 SET @OLD_CHARACTER_SET_RESULTS=@@CHARACTER_SET_RESULTS */;
/*!40101 SET @OLD_COLLATION_CONNECTION=@@COLLATION_CONNECTION */;
/*!40101 SET NAMES utf8 */;
/*!40103 SET @OLD_TIME_ZONE=@@TIME_ZONE */;
/*!40103 SET TIME_ZONE='+00:00' */;
/*!40014 SET @OLD_UNIQUE_CHECKS=@@UNIQUE_CHECKS, UNIQUE_CHECKS=0 */;
/*!40014 SET @OLD_FOREIGN_KEY_CHECKS=@@FOREIGN_KEY_CHECKS, FOREIGN_KEY_CHECKS=0 */;
/*!40101 SET @OLD_SQL_MODE=@@SQL_MODE, SQL_MODE='NO_AUTO_VALUE_ON_ZERO' */;
/*!40111 SET @OLD_SQL_NOTES=@@SQL_NOTES, SQL_NOTES=0 */;

--
-- Table structure for table `schoollife_readschoollifenotification`
--

DROP TABLE IF EXISTS `schoollife_readschoollifenotification`;
/*!40101 SET @saved_cs_client     = @@character_set_client */;
/*!40101 SET character_set_client = utf8 */;
CREATE TABLE `schoollife_readschoollifenotification` (
  `schoollifeSessionId` bigint(20) NOT NULL,
  `userId` bigint(20) NOT NULL,
  PRIMARY KEY (`schoollifeSessionId`,`userId`),
  KEY `IX_99450A00` (`userId`)
) ENGINE=InnoDB DEFAULT CHARSET=utf8mb4;
/*!40101 SET character_set_client = @saved_cs_client */;

--
-- Dumping data for table `schoollife_readschoollifenotification`
--

LOCK TABLES `schoollife_readschoollifenotification` WRITE;
/*!40000 ALTER TABLE `schoollife_readschoollifenotification` DISABLE KEYS */;
/*!40000 ALTER TABLE `schoollife_readschoollifenotification` ENABLE KEYS */;
UNLOCK TABLES;

--
-- Table structure for table `schoollife_renvoi`
--

DROP TABLE IF EXISTS `schoollife_renvoi`;
/*!40101 SET @saved_cs_client     = @@character_set_client */;
/*!40101 SET character_set_client = utf8 */;
CREATE TABLE `schoollife_renvoi` (
  `schoollifeSessionId` bigint(20) NOT NULL,
  `studentId` bigint(20) NOT NULL,
  `schoolId` bigint(20) DEFAULT NULL,
  `orgId` bigint(20) DEFAULT NULL,
  `renvoiDate` datetime DEFAULT NULL,
  `teacherId` bigint(20) DEFAULT NULL,
  `sourceSessionId` bigint(20) DEFAULT NULL,
  `sourceSchoollifeSessionId` bigint(20) DEFAULT NULL,
  `sourceTeacherId` bigint(20) DEFAULT NULL,
  `reason` longtext,
  `status` int(11) DEFAULT NULL,
  PRIMARY KEY (`schoollifeSessionId`,`studentId`),
  KEY `IX_B3F2124D` (`schoolId`),
  KEY `IX_9293B433` (`schoolId`,`status`),
  KEY `IX_4D398C8` (`sourceTeacherId`),
  KEY `IX_81708FAE` (`sourceTeacherId`,`status`),
  KEY `IX_3759E0D0` (`status`)
) ENGINE=InnoDB DEFAULT CHARSET=latin1;
/*!40101 SET character_set_client = @saved_cs_client */;

--
-- Dumping data for table `schoollife_renvoi`
--

LOCK TABLES `schoollife_renvoi` WRITE;
/*!40000 ALTER TABLE `schoollife_renvoi` DISABLE KEYS */;
INSERT INTO `schoollife_renvoi` VALUES (14928216,332238,328701,'2021-07-21 10:01:39',10205,14726756,0,334918,'',0);
INSERT INTO `schoollife_renvoi` VALUES (14928403,330927,328701,'2021-07-22 14:56:45',10205,14746169,0,333512,'',0);
INSERT INTO `schoollife_renvoi` VALUES (14928410,330927,328701,'2021-07-27 10:02:23',330975,14928611,0,333303,'',0);
INSERT INTO `schoollife_renvoi` VALUES (14928410,332238,328701,'2021-07-21 09:34:23',10205,14737042,0,334705,'',0);
INSERT INTO `schoollife_renvoi` VALUES (14928411,330927,328701,'2021-07-21 10:30:57',10205,14928612,0,333303,'',0);
INSERT INTO `schoollife_renvoi` VALUES (14928606,331321,328701,'2021-07-20 00:00:00',10205,14730486,0,331337,'',0);
INSERT INTO `schoollife_renvoi` VALUES (14928607,330927,328701,'2021-07-21 00:00:00',10205,14812704,0,330975,'',0);
INSERT INTO `schoollife_renvoi` VALUES (14928607,332238,328701,'2021-07-21 09:21:49',10205,14736931,0,334705,'',0);
INSERT INTO `schoollife_renvoi` VALUES (14929708,329116,328701,'2021-07-21 14:13:39',10205,14795009,0,329148,'',0);
/*!40000 ALTER TABLE `schoollife_renvoi` ENABLE KEYS */;
UNLOCK TABLES;

--
-- Table structure for table `schoollife_schoollifenotification`
--

DROP TABLE IF EXISTS `schoollife_schoollifenotification`;
/*!40101 SET @saved_cs_client     = @@character_set_client */;
/*!40101 SET character_set_client = utf8 */;
CREATE TABLE `schoollife_schoollifenotification` (
  `schoollifeSessionId` bigint(20) NOT NULL,
  `userId` bigint(20) NOT NULL,
  PRIMARY KEY (`schoollifeSessionId`,`userId`),
  KEY `IX_A323CA` (`userId`)
) ENGINE=InnoDB DEFAULT CHARSET=latin1;
/*!40101 SET character_set_client = @saved_cs_client */;

--
-- Dumping data for table `schoollife_schoollifenotification`
--

LOCK TABLES `schoollife_schoollifenotification` WRITE;
/*!40000 ALTER TABLE `schoollife_schoollifenotification` DISABLE KEYS */;
/*!40000 ALTER TABLE `schoollife_schoollifenotification` ENABLE KEYS */;
UNLOCK TABLES;

--
-- Table structure for table `schoollife_schoollifesession`
--

DROP TABLE IF EXISTS `schoollife_schoollifesession`;
/*!40101 SET @saved_cs_client     = @@character_set_client */;
/*!40101 SET character_set_client = utf8 */;
CREATE TABLE `schoollife_schoollifesession` (
  `schoollifeSessionId` bigint(20) NOT NULL,
  `schoollifeSlotId` bigint(20) DEFAULT NULL,
  `schoolId` bigint(20) DEFAULT NULL,
  `type_` int(11) DEFAULT NULL,
  `weekNb` int(11) DEFAULT NULL,
  `startDate` datetime DEFAULT NULL,
  `endDate` datetime DEFAULT NULL,
  `rollCalled` tinyint(4) DEFAULT NULL,
  `absenceNotificationSent` tinyint(4) DEFAULT NULL,
  PRIMARY KEY (`schoollifeSessionId`),
  KEY `IX_4FE8B355` (`schoolId`,`type_`),
  KEY `IX_DD61F59A` (`schoollifeSlotId`),
  KEY `IX_7EE33358` (`type_`)
) ENGINE=InnoDB DEFAULT CHARSET=latin1;
/*!40101 SET character_set_client = @saved_cs_client */;

--
-- Dumping data for table `schoollife_schoollifesession`
--

LOCK TABLES `schoollife_schoollifesession` WRITE;
/*!40000 ALTER TABLE `schoollife_schoollifesession` DISABLE KEYS */;
INSERT INTO `schoollife_schoollifesession` VALUES (14928214,14928213,15180702,1,27,'2021-07-08 08:00:00','2021-07-08 10:00:00',1,0);
INSERT INTO `schoollife_schoollifesession` VALUES (14928216,14928215,15180702,1,26,'2021-06-29 09:00:00','2021-06-29 11:00:00',1,0);
INSERT INTO `schoollife_schoollifesession` VALUES (14928217,14928215,15180702,1,27,'2021-07-06 09:00:00','2021-07-06 11:00:00',1,0);
INSERT INTO `schoollife_schoollifesession` VALUES (14928302,14928301,15180702,1,27,'2021-07-07 10:00:00','2021-07-07 12:00:00',0,0);
INSERT INTO `schoollife_schoollifesession` VALUES (14928304,14928303,15180702,4,26,'2021-07-01 08:45:00','2021-07-01 09:30:00',0,0);
INSERT INTO `schoollife_schoollifesession` VALUES (14928403,14928402,15180702,1,26,'2021-06-30 09:00:00','2021-06-30 11:00:00',0,0);
INSERT INTO `schoollife_schoollifesession` VALUES (14928404,14928402,15180702,1,27,'2021-07-07 09:00:00','2021-07-07 11:00:00',0,0);
INSERT INTO `schoollife_schoollifesession` VALUES (14928407,14928406,15180702,5,26,'2021-06-30 09:00:00','2021-06-30 11:00:00',0,0);
INSERT INTO `schoollife_schoollifesession` VALUES (14928408,14928406,15180702,5,27,'2021-07-07 09:00:00','2021-07-07 11:00:00',0,0);
INSERT INTO `schoollife_schoollifesession` VALUES (14928410,14928409,15180702,1,26,'2021-06-28 09:00:00','2021-06-28 10:00:00',0,0);
INSERT INTO `schoollife_schoollifesession` VALUES (14928411,14928409,15180702,1,27,'2021-07-05 09:00:00','2021-07-05 10:00:00',0,0);
INSERT INTO `schoollife_schoollifesession` VALUES (14928602,14928601,15180702,5,25,'2021-06-23 13:00:00','2021-06-23 15:00:00',0,0);
INSERT INTO `schoollife_schoollifesession` VALUES (14928603,14928601,15180702,5,26,'2021-06-30 13:00:00','2021-06-30 15:00:00',0,0);
INSERT INTO `schoollife_schoollifesession` VALUES (14928604,14928601,15180702,5,27,'2021-07-07 13:00:00','2021-07-07 15:00:00',0,0);
INSERT INTO `schoollife_schoollifesession` VALUES (14928606,14928605,15180702,1,25,'2021-06-21 14:00:00','2021-06-21 16:00:00',0,0);
INSERT INTO `schoollife_schoollifesession` VALUES (14928607,14928605,15180702,1,26,'2021-06-28 14:00:00','2021-06-28 16:00:00',1,0);
INSERT INTO `schoollife_schoollifesession` VALUES (14928608,14928605,15180702,1,27,'2021-07-05 14:00:00','2021-07-05 16:00:00',0,0);
INSERT INTO `schoollife_schoollifesession` VALUES (14928610,14928609,15180702,5,25,'2021-06-21 09:00:00','2021-06-21 11:00:00',0,0);
INSERT INTO `schoollife_schoollifesession` VALUES (14928611,14928609,15180702,5,26,'2021-06-28 09:00:00','2021-06-28 11:00:00',0,0);
INSERT INTO `schoollife_schoollifesession` VALUES (14928612,14928609,15180702,5,27,'2021-07-05 09:00:00','2021-07-05 11:00:00',0,0);
INSERT INTO `schoollife_schoollifesession` VALUES (14928902,14928901,15180702,1,27,'2021-07-05 10:00:00','2021-07-05 11:00:00',0,0);
INSERT INTO `schoollife_schoollifesession` VALUES (14929403,14929402,15180702,1,27,'2021-07-06 09:00:00','2021-07-06 11:00:00',0,0);
INSERT INTO `schoollife_schoollifesession` VALUES (14929406,14929405,15180702,1,27,'2021-07-05 09:00:00','2021-07-05 11:00:00',0,0);
INSERT INTO `schoollife_schoollifesession` VALUES (14929503,14929502,15180702,3,27,'2021-07-06 09:00:00','2021-07-06 11:00:00',0,0);
INSERT INTO `schoollife_schoollifesession` VALUES (14929706,14929705,15180702,1,26,'2021-07-01 15:00:00','2021-07-01 16:00:00',0,0);
INSERT INTO `schoollife_schoollifesession` VALUES (14929708,14929707,15180702,1,26,'2021-06-30 14:00:00','2021-06-30 16:00:00',0,0);
INSERT INTO `schoollife_schoollifesession` VALUES (14929709,14929707,15180702,1,27,'2021-07-07 14:00:00','2021-07-07 16:00:00',0,0);
INSERT INTO `schoollife_schoollifesession` VALUES (14929714,14929713,15180702,2,27,'2021-07-07 09:00:00','2021-07-07 10:00:00',0,0);
INSERT INTO `schoollife_schoollifesession` VALUES (14930002,14930001,15180702,4,27,'2021-07-06 09:00:00','2021-07-06 11:00:00',1,0);
INSERT INTO `schoollife_schoollifesession` VALUES (14930007,14930006,15180702,4,26,'2021-06-28 09:00:00','2021-06-28 11:00:00',0,0);
INSERT INTO `schoollife_schoollifesession` VALUES (14930008,14930006,15180702,4,27,'2021-07-05 09:00:00','2021-07-05 11:00:00',1,0);
INSERT INTO `schoollife_schoollifesession` VALUES (14930010,14930009,15180702,4,26,'2021-06-29 15:00:00','2021-06-29 16:00:00',0,0);
INSERT INTO `schoollife_schoollifesession` VALUES (14930011,14930009,15180702,4,27,'2021-07-06 15:00:00','2021-07-06 16:00:00',0,0);
INSERT INTO `schoollife_schoollifesession` VALUES (14930402,14930401,15180702,5,26,'2021-06-29 09:00:00','2021-06-29 10:00:00',0,0);
INSERT INTO `schoollife_schoollifesession` VALUES (14930403,14930401,15180702,5,27,'2021-07-06 09:00:00','2021-07-06 10:00:00',0,0);
INSERT INTO `schoollife_schoollifesession` VALUES (14930407,14930406,15180702,1,26,'2021-06-30 12:01:00','2021-06-30 13:00:00',0,0);
INSERT INTO `schoollife_schoollifesession` VALUES (14930408,14930406,15180702,1,27,'2021-07-07 12:01:00','2021-07-07 13:00:00',0,0);
INSERT INTO `schoollife_schoollifesession` VALUES (14930922,14930921,15180702,4,18,'2021-05-03 09:00:00','2021-05-03 10:00:00',0,0);
INSERT INTO `schoollife_schoollifesession` VALUES (14930923,14930921,15180702,4,19,'2021-05-10 09:00:00','2021-05-10 10:00:00',0,0);
INSERT INTO `schoollife_schoollifesession` VALUES (14930924,14930921,15180702,4,20,'2021-05-17 09:00:00','2021-05-17 10:00:00',0,0);
INSERT INTO `schoollife_schoollifesession` VALUES (14930925,14930921,15180702,4,21,'2021-05-24 09:00:00','2021-05-24 10:00:00',0,0);
INSERT INTO `schoollife_schoollifesession` VALUES (14930926,14930921,15180702,4,22,'2021-05-31 09:00:00','2021-05-31 10:00:00',0,0);
INSERT INTO `schoollife_schoollifesession` VALUES (14930927,14930921,15180702,4,23,'2021-06-07 09:00:00','2021-06-07 10:00:00',0,0);
INSERT INTO `schoollife_schoollifesession` VALUES (14930928,14930921,15180702,4,24,'2021-06-14 09:00:00','2021-06-14 10:00:00',0,0);
INSERT INTO `schoollife_schoollifesession` VALUES (14930929,14930921,15180702,4,25,'2021-06-21 09:00:00','2021-06-21 10:00:00',0,0);
INSERT INTO `schoollife_schoollifesession` VALUES (14930930,14930921,15180702,4,26,'2021-06-28 09:00:00','2021-06-28 10:00:00',0,0);
INSERT INTO `schoollife_schoollifesession` VALUES (14930931,14930921,15180702,4,27,'2021-07-05 09:00:00','2021-07-05 10:00:00',0,0);
INSERT INTO `schoollife_schoollifesession` VALUES (14930933,14930932,15180702,4,18,'2021-05-06 16:00:00','2021-05-06 17:00:00',0,0);
INSERT INTO `schoollife_schoollifesession` VALUES (14930934,14930932,15180702,4,19,'2021-05-13 16:00:00','2021-05-13 17:00:00',0,0);
INSERT INTO `schoollife_schoollifesession` VALUES (14930935,14930932,15180702,4,20,'2021-05-20 16:00:00','2021-05-20 17:00:00',0,0);
INSERT INTO `schoollife_schoollifesession` VALUES (14930936,14930932,15180702,4,21,'2021-05-27 16:00:00','2021-05-27 17:00:00',0,0);
INSERT INTO `schoollife_schoollifesession` VALUES (14930937,14930932,15180702,4,22,'2021-06-03 16:00:00','2021-06-03 17:00:00',0,0);
INSERT INTO `schoollife_schoollifesession` VALUES (14930938,14930932,15180702,4,23,'2021-06-10 16:00:00','2021-06-10 17:00:00',0,0);
INSERT INTO `schoollife_schoollifesession` VALUES (14930939,14930932,15180702,4,24,'2021-06-17 16:00:00','2021-06-17 17:00:00',0,0);
INSERT INTO `schoollife_schoollifesession` VALUES (14930940,14930932,15180702,4,25,'2021-06-24 16:00:00','2021-06-24 17:00:00',0,0);
INSERT INTO `schoollife_schoollifesession` VALUES (14930941,14930932,15180702,4,26,'2021-07-01 16:00:00','2021-07-01 17:00:00',0,0);
INSERT INTO `schoollife_schoollifesession` VALUES (14930943,14930942,15180702,5,18,'2021-05-03 08:00:00','2021-05-03 09:00:00',0,0);
INSERT INTO `schoollife_schoollifesession` VALUES (14930944,14930942,15180702,5,19,'2021-05-10 08:00:00','2021-05-10 09:00:00',0,0);
INSERT INTO `schoollife_schoollifesession` VALUES (14930945,14930942,15180702,5,20,'2021-05-17 08:00:00','2021-05-17 09:00:00',0,0);
INSERT INTO `schoollife_schoollifesession` VALUES (14930946,14930942,15180702,5,21,'2021-05-24 08:00:00','2021-05-24 09:00:00',0,0);
INSERT INTO `schoollife_schoollifesession` VALUES (14930947,14930942,15180702,5,22,'2021-05-31 08:00:00','2021-05-31 09:00:00',0,0);
INSERT INTO `schoollife_schoollifesession` VALUES (14930948,14930942,15180702,5,23,'2021-06-07 08:00:00','2021-06-07 09:00:00',0,0);
INSERT INTO `schoollife_schoollifesession` VALUES (14930949,14930942,15180702,5,24,'2021-06-14 08:00:00','2021-06-14 09:00:00',0,0);
INSERT INTO `schoollife_schoollifesession` VALUES (14930950,14930942,15180702,5,25,'2021-06-21 08:00:00','2021-06-21 09:00:00',0,0);
INSERT INTO `schoollife_schoollifesession` VALUES (14930951,14930942,15180702,5,26,'2021-06-28 08:00:00','2021-06-28 09:00:00',0,0);
INSERT INTO `schoollife_schoollifesession` VALUES (14930952,14930942,15180702,5,27,'2021-07-05 08:00:00','2021-07-05 09:00:00',0,0);
INSERT INTO `schoollife_schoollifesession` VALUES (14930954,14930953,15180702,5,18,'2021-05-06 10:00:00','2021-05-06 14:00:00',0,0);
INSERT INTO `schoollife_schoollifesession` VALUES (14930955,14930953,15180702,5,19,'2021-05-13 10:00:00','2021-05-13 14:00:00',0,0);
INSERT INTO `schoollife_schoollifesession` VALUES (14930956,14930953,15180702,5,20,'2021-05-20 10:00:00','2021-05-20 14:00:00',0,0);
INSERT INTO `schoollife_schoollifesession` VALUES (14930957,14930953,15180702,5,21,'2021-05-27 10:00:00','2021-05-27 14:00:00',0,0);
INSERT INTO `schoollife_schoollifesession` VALUES (14930958,14930953,15180702,5,22,'2021-06-03 10:00:00','2021-06-03 14:00:00',0,0);
INSERT INTO `schoollife_schoollifesession` VALUES (14930959,14930953,15180702,5,23,'2021-06-10 10:00:00','2021-06-10 14:00:00',0,0);
INSERT INTO `schoollife_schoollifesession` VALUES (14930960,14930953,15180702,5,24,'2021-06-17 10:00:00','2021-06-17 14:00:00',0,0);
INSERT INTO `schoollife_schoollifesession` VALUES (14930961,14930953,15180702,5,25,'2021-06-24 10:00:00','2021-06-24 14:00:00',0,0);
INSERT INTO `schoollife_schoollifesession` VALUES (14930962,14930953,15180702,5,26,'2021-07-01 10:00:00','2021-07-01 14:00:00',0,0);
INSERT INTO `schoollife_schoollifesession` VALUES (14930964,14930963,15180702,3,18,'2021-05-03 15:00:00','2021-05-03 16:00:00',0,0);
INSERT INTO `schoollife_schoollifesession` VALUES (14930965,14930963,15180702,3,19,'2021-05-10 15:00:00','2021-05-10 16:00:00',0,0);
INSERT INTO `schoollife_schoollifesession` VALUES (14930966,14930963,15180702,3,20,'2021-05-17 15:00:00','2021-05-17 16:00:00',0,0);
INSERT INTO `schoollife_schoollifesession` VALUES (14930967,14930963,15180702,3,21,'2021-05-24 15:00:00','2021-05-24 16:00:00',0,0);
INSERT INTO `schoollife_schoollifesession` VALUES (14930968,14930963,15180702,3,22,'2021-05-31 15:00:00','2021-05-31 16:00:00',0,0);
INSERT INTO `schoollife_schoollifesession` VALUES (14930969,14930963,15180702,3,23,'2021-06-07 15:00:00','2021-06-07 16:00:00',0,0);
INSERT INTO `schoollife_schoollifesession` VALUES (14930970,14930963,15180702,3,24,'2021-06-14 15:00:00','2021-06-14 16:00:00',0,0);
INSERT INTO `schoollife_schoollifesession` VALUES (14930971,14930963,15180702,3,25,'2021-06-21 15:00:00','2021-06-21 16:00:00',0,0);
INSERT INTO `schoollife_schoollifesession` VALUES (14930972,14930963,15180702,3,26,'2021-06-28 15:00:00','2021-06-28 16:00:00',0,0);
INSERT INTO `schoollife_schoollifesession` VALUES (14930973,14930963,15180702,3,27,'2021-07-05 15:00:00','2021-07-05 16:00:00',0,0);
INSERT INTO `schoollife_schoollifesession` VALUES (14930975,14930974,15180702,3,18,'2021-05-04 15:00:00','2021-05-04 16:00:00',0,0);
INSERT INTO `schoollife_schoollifesession` VALUES (14930976,14930974,15180702,3,19,'2021-05-11 15:00:00','2021-05-11 16:00:00',0,0);
INSERT INTO `schoollife_schoollifesession` VALUES (14930977,14930974,15180702,3,20,'2021-05-18 15:00:00','2021-05-18 16:00:00',0,0);
INSERT INTO `schoollife_schoollifesession` VALUES (14930978,14930974,15180702,3,21,'2021-05-25 15:00:00','2021-05-25 16:00:00',0,0);
INSERT INTO `schoollife_schoollifesession` VALUES (14930979,14930974,15180702,3,22,'2021-06-01 15:00:00','2021-06-01 16:00:00',0,0);
INSERT INTO `schoollife_schoollifesession` VALUES (14930980,14930974,15180702,3,23,'2021-06-08 15:00:00','2021-06-08 16:00:00',0,0);
INSERT INTO `schoollife_schoollifesession` VALUES (14930981,14930974,15180702,3,24,'2021-06-15 15:00:00','2021-06-15 16:00:00',0,0);
INSERT INTO `schoollife_schoollifesession` VALUES (14930982,14930974,15180702,3,25,'2021-06-22 15:00:00','2021-06-22 16:00:00',0,0);
INSERT INTO `schoollife_schoollifesession` VALUES (14930983,14930974,15180702,3,26,'2021-06-29 15:00:00','2021-06-29 16:00:00',0,0);
INSERT INTO `schoollife_schoollifesession` VALUES (14930984,14930974,15180702,3,27,'2021-07-06 15:00:00','2021-07-06 16:00:00',0,0);
INSERT INTO `schoollife_schoollifesession` VALUES (14930986,14930985,15180702,2,18,'2021-05-06 08:00:00','2021-05-06 09:00:00',0,0);
INSERT INTO `schoollife_schoollifesession` VALUES (14930987,14930985,15180702,2,19,'2021-05-13 08:00:00','2021-05-13 09:00:00',0,0);
INSERT INTO `schoollife_schoollifesession` VALUES (14930988,14930985,15180702,2,20,'2021-05-20 08:00:00','2021-05-20 09:00:00',0,0);
INSERT INTO `schoollife_schoollifesession` VALUES (14930989,14930985,15180702,2,21,'2021-05-27 08:00:00','2021-05-27 09:00:00',0,0);
INSERT INTO `schoollife_schoollifesession` VALUES (14930990,14930985,15180702,2,22,'2021-06-03 08:00:00','2021-06-03 09:00:00',0,0);
INSERT INTO `schoollife_schoollifesession` VALUES (14930991,14930985,15180702,2,23,'2021-06-10 08:00:00','2021-06-10 09:00:00',0,0);
INSERT INTO `schoollife_schoollifesession` VALUES (14930992,14930985,15180702,2,24,'2021-06-17 08:00:00','2021-06-17 09:00:00',0,0);
INSERT INTO `schoollife_schoollifesession` VALUES (14930993,14930985,15180702,2,25,'2021-06-24 08:00:00','2021-06-24 09:00:00',0,0);
INSERT INTO `schoollife_schoollifesession` VALUES (14930994,14930985,15180702,2,26,'2021-07-01 08:00:00','2021-07-01 09:00:00',0,0);
INSERT INTO `schoollife_schoollifesession` VALUES (14930995,14930985,15180702,2,27,'2021-07-08 08:00:00','2021-07-08 09:00:00',0,0);
INSERT INTO `schoollife_schoollifesession` VALUES (14930997,14930996,15180702,2,18,'2021-05-04 09:00:00','2021-05-04 10:00:00',0,0);
INSERT INTO `schoollife_schoollifesession` VALUES (14930998,14930996,15180702,2,19,'2021-05-11 09:00:00','2021-05-11 10:00:00',0,0);
INSERT INTO `schoollife_schoollifesession` VALUES (14930999,14930996,15180702,2,20,'2021-05-18 09:00:00','2021-05-18 10:00:00',0,0);
INSERT INTO `schoollife_schoollifesession` VALUES (14931000,14930996,15180702,2,21,'2021-05-25 09:00:00','2021-05-25 10:00:00',0,0);
INSERT INTO `schoollife_schoollifesession` VALUES (14931001,14930996,15180702,2,22,'2021-06-01 09:00:00','2021-06-01 10:00:00',0,0);
INSERT INTO `schoollife_schoollifesession` VALUES (14931002,14930996,15180702,2,23,'2021-06-08 09:00:00','2021-06-08 10:00:00',0,0);
INSERT INTO `schoollife_schoollifesession` VALUES (14931003,14930996,15180702,2,24,'2021-06-15 09:00:00','2021-06-15 10:00:00',0,0);
INSERT INTO `schoollife_schoollifesession` VALUES (14931004,14930996,15180702,2,25,'2021-06-22 09:00:00','2021-06-22 10:00:00',0,0);
INSERT INTO `schoollife_schoollifesession` VALUES (14931005,14930996,15180702,2,26,'2021-06-29 09:00:00','2021-06-29 10:00:00',0,0);
INSERT INTO `schoollife_schoollifesession` VALUES (14931006,14930996,15180702,2,27,'2021-07-06 09:00:00','2021-07-06 10:00:00',0,0);
INSERT INTO `schoollife_schoollifesession` VALUES (14931008,14931007,15180702,3,18,'2021-05-06 08:00:00','2021-05-06 10:00:00',0,0);
INSERT INTO `schoollife_schoollifesession` VALUES (14931009,14931007,15180702,3,19,'2021-05-13 08:00:00','2021-05-13 10:00:00',0,0);
INSERT INTO `schoollife_schoollifesession` VALUES (14931010,14931007,15180702,3,20,'2021-05-20 08:00:00','2021-05-20 10:00:00',0,0);
INSERT INTO `schoollife_schoollifesession` VALUES (14931011,14931007,15180702,3,21,'2021-05-27 08:00:00','2021-05-27 10:00:00',0,0);
INSERT INTO `schoollife_schoollifesession` VALUES (14931012,14931007,15180702,3,22,'2021-06-03 08:00:00','2021-06-03 10:00:00',0,0);
INSERT INTO `schoollife_schoollifesession` VALUES (14931013,14931007,15180702,3,23,'2021-06-10 08:00:00','2021-06-10 10:00:00',0,0);
INSERT INTO `schoollife_schoollifesession` VALUES (14931014,14931007,15180702,3,24,'2021-06-17 08:00:00','2021-06-17 10:00:00',0,0);
INSERT INTO `schoollife_schoollifesession` VALUES (14931015,14931007,15180702,3,25,'2021-06-24 08:00:00','2021-06-24 10:00:00',0,0);
INSERT INTO `schoollife_schoollifesession` VALUES (14931016,14931007,15180702,3,26,'2021-07-01 08:00:00','2021-07-01 10:00:00',0,0);
INSERT INTO `schoollife_schoollifesession` VALUES (14931017,14931007,15180702,3,27,'2021-07-08 08:00:00','2021-07-08 10:00:00',0,0);
INSERT INTO `schoollife_schoollifesession` VALUES (14931019,14931018,15180702,5,18,'2021-05-03 12:00:00','2021-05-03 13:00:00',0,0);
INSERT INTO `schoollife_schoollifesession` VALUES (14931020,14931018,15180702,5,19,'2021-05-10 12:00:00','2021-05-10 13:00:00',0,0);
INSERT INTO `schoollife_schoollifesession` VALUES (14931021,14931018,15180702,5,20,'2021-05-17 12:00:00','2021-05-17 13:00:00',0,0);
INSERT INTO `schoollife_schoollifesession` VALUES (14931022,14931018,15180702,5,21,'2021-05-24 12:00:00','2021-05-24 13:00:00',0,0);
INSERT INTO `schoollife_schoollifesession` VALUES (14931023,14931018,15180702,5,22,'2021-05-31 12:00:00','2021-05-31 13:00:00',0,0);
INSERT INTO `schoollife_schoollifesession` VALUES (14931024,14931018,15180702,5,23,'2021-06-07 12:00:00','2021-06-07 13:00:00',0,0);
INSERT INTO `schoollife_schoollifesession` VALUES (14931025,14931018,15180702,5,24,'2021-06-14 12:00:00','2021-06-14 13:00:00',0,0);
INSERT INTO `schoollife_schoollifesession` VALUES (14931026,14931018,15180702,5,25,'2021-06-21 12:00:00','2021-06-21 13:00:00',0,0);
INSERT INTO `schoollife_schoollifesession` VALUES (14931027,14931018,15180702,5,26,'2021-06-28 12:00:00','2021-06-28 13:00:00',0,0);
INSERT INTO `schoollife_schoollifesession` VALUES (14931028,14931018,15180702,5,27,'2021-07-05 12:00:00','2021-07-05 13:00:00',0,0);
INSERT INTO `schoollife_schoollifesession` VALUES (14931030,14931029,15180702,4,18,'2021-05-04 09:00:00','2021-05-04 10:00:00',0,0);
INSERT INTO `schoollife_schoollifesession` VALUES (14931031,14931029,15180702,4,19,'2021-05-11 09:00:00','2021-05-11 10:00:00',0,0);
INSERT INTO `schoollife_schoollifesession` VALUES (14931032,14931029,15180702,4,20,'2021-05-18 09:00:00','2021-05-18 10:00:00',0,0);
INSERT INTO `schoollife_schoollifesession` VALUES (14931033,14931029,15180702,4,21,'2021-05-25 09:00:00','2021-05-25 10:00:00',0,0);
INSERT INTO `schoollife_schoollifesession` VALUES (14931034,14931029,15180702,4,22,'2021-06-01 09:00:00','2021-06-01 10:00:00',0,0);
INSERT INTO `schoollife_schoollifesession` VALUES (14931035,14931029,15180702,4,23,'2021-06-08 09:00:00','2021-06-08 10:00:00',0,0);
INSERT INTO `schoollife_schoollifesession` VALUES (14931036,14931029,15180702,4,24,'2021-06-15 09:00:00','2021-06-15 10:00:00',0,0);
INSERT INTO `schoollife_schoollifesession` VALUES (14931037,14931029,15180702,4,25,'2021-06-22 09:00:00','2021-06-22 10:00:00',0,0);
INSERT INTO `schoollife_schoollifesession` VALUES (14931038,14931029,15180702,4,26,'2021-06-29 09:00:00','2021-06-29 10:00:00',0,0);
INSERT INTO `schoollife_schoollifesession` VALUES (14931039,14931029,15180702,4,27,'2021-07-06 09:00:00','2021-07-06 10:00:00',0,0);
INSERT INTO `schoollife_schoollifesession` VALUES (14931041,14931040,15180702,1,18,'2021-05-07 17:00:00','2021-05-07 18:00:00',0,0);
INSERT INTO `schoollife_schoollifesession` VALUES (14931042,14931040,15180702,1,19,'2021-05-14 17:00:00','2021-05-14 18:00:00',0,0);
INSERT INTO `schoollife_schoollifesession` VALUES (14931043,14931040,15180702,1,20,'2021-05-21 17:00:00','2021-05-21 18:00:00',0,0);
INSERT INTO `schoollife_schoollifesession` VALUES (14931044,14931040,15180702,1,21,'2021-05-28 17:00:00','2021-05-28 18:00:00',0,0);
INSERT INTO `schoollife_schoollifesession` VALUES (14931045,14931040,15180702,1,22,'2021-06-04 17:00:00','2021-06-04 18:00:00',0,0);
INSERT INTO `schoollife_schoollifesession` VALUES (14931046,14931040,15180702,1,23,'2021-06-11 17:00:00','2021-06-11 18:00:00',0,0);
INSERT INTO `schoollife_schoollifesession` VALUES (14931047,14931040,15180702,1,24,'2021-06-18 17:00:00','2021-06-18 18:00:00',0,0);
INSERT INTO `schoollife_schoollifesession` VALUES (14931048,14931040,15180702,1,25,'2021-06-25 17:00:00','2021-06-25 18:00:00',0,0);
INSERT INTO `schoollife_schoollifesession` VALUES (14931049,14931040,15180702,1,26,'2021-07-02 17:00:00','2021-07-02 18:00:00',0,0);
INSERT INTO `schoollife_schoollifesession` VALUES (14931051,14931050,15180702,1,18,'2021-05-07 16:00:00','2021-05-07 17:00:00',0,0);
INSERT INTO `schoollife_schoollifesession` VALUES (14931052,14931050,15180702,1,19,'2021-05-14 16:00:00','2021-05-14 17:00:00',0,0);
INSERT INTO `schoollife_schoollifesession` VALUES (14931053,14931050,15180702,1,20,'2021-05-21 16:00:00','2021-05-21 17:00:00',0,0);
INSERT INTO `schoollife_schoollifesession` VALUES (14931054,14931050,15180702,1,21,'2021-05-28 16:00:00','2021-05-28 17:00:00',0,0);
INSERT INTO `schoollife_schoollifesession` VALUES (14931055,14931050,15180702,1,22,'2021-06-04 16:00:00','2021-06-04 17:00:00',0,0);
INSERT INTO `schoollife_schoollifesession` VALUES (14931056,14931050,15180702,1,23,'2021-06-11 16:00:00','2021-06-11 17:00:00',0,0);
INSERT INTO `schoollife_schoollifesession` VALUES (14931057,14931050,15180702,1,24,'2021-06-18 16:00:00','2021-06-18 17:00:00',0,0);
INSERT INTO `schoollife_schoollifesession` VALUES (14931058,14931050,15180702,1,25,'2021-06-25 16:00:00','2021-06-25 17:00:00',0,0);
INSERT INTO `schoollife_schoollifesession` VALUES (14931059,14931050,15180702,1,26,'2021-07-02 16:00:00','2021-07-02 17:00:00',0,0);
INSERT INTO `schoollife_schoollifesession` VALUES (14931061,14931060,15180702,1,18,'2021-05-07 15:00:00','2021-05-07 16:00:00',0,0);
INSERT INTO `schoollife_schoollifesession` VALUES (14931062,14931060,15180702,1,19,'2021-05-14 15:00:00','2021-05-14 16:00:00',0,0);
INSERT INTO `schoollife_schoollifesession` VALUES (14931063,14931060,15180702,1,20,'2021-05-21 15:00:00','2021-05-21 16:00:00',0,0);
INSERT INTO `schoollife_schoollifesession` VALUES (14931064,14931060,15180702,1,21,'2021-05-28 15:00:00','2021-05-28 16:00:00',0,0);
INSERT INTO `schoollife_schoollifesession` VALUES (14931065,14931060,15180702,1,22,'2021-06-04 15:00:00','2021-06-04 16:00:00',0,0);
INSERT INTO `schoollife_schoollifesession` VALUES (14931066,14931060,15180702,1,23,'2021-06-11 15:00:00','2021-06-11 16:00:00',0,0);
INSERT INTO `schoollife_schoollifesession` VALUES (14931067,14931060,15180702,1,24,'2021-06-18 15:00:00','2021-06-18 16:00:00',0,0);
INSERT INTO `schoollife_schoollifesession` VALUES (14931068,14931060,15180702,1,25,'2021-06-25 15:00:00','2021-06-25 16:00:00',0,0);
INSERT INTO `schoollife_schoollifesession` VALUES (14931069,14931060,15180702,1,26,'2021-07-02 15:00:00','2021-07-02 16:00:00',0,0);
INSERT INTO `schoollife_schoollifesession` VALUES (14931071,14931070,15180702,1,18,'2021-05-07 14:00:00','2021-05-07 15:00:00',0,0);
INSERT INTO `schoollife_schoollifesession` VALUES (14931072,14931070,15180702,1,19,'2021-05-14 14:00:00','2021-05-14 15:00:00',0,0);
INSERT INTO `schoollife_schoollifesession` VALUES (14931073,14931070,15180702,1,20,'2021-05-21 14:00:00','2021-05-21 15:00:00',0,0);
INSERT INTO `schoollife_schoollifesession` VALUES (14931074,14931070,15180702,1,21,'2021-05-28 14:00:00','2021-05-28 15:00:00',0,0);
INSERT INTO `schoollife_schoollifesession` VALUES (14931075,14931070,15180702,1,22,'2021-06-04 14:00:00','2021-06-04 15:00:00',0,0);
INSERT INTO `schoollife_schoollifesession` VALUES (14931076,14931070,15180702,1,23,'2021-06-11 14:00:00','2021-06-11 15:00:00',0,0);
INSERT INTO `schoollife_schoollifesession` VALUES (14931077,14931070,15180702,1,24,'2021-06-18 14:00:00','2021-06-18 15:00:00',0,0);
INSERT INTO `schoollife_schoollifesession` VALUES (14931078,14931070,15180702,1,25,'2021-06-25 14:00:00','2021-06-25 15:00:00',0,0);
INSERT INTO `schoollife_schoollifesession` VALUES (14931079,14931070,15180702,1,26,'2021-07-02 14:00:00','2021-07-02 15:00:00',0,0);
INSERT INTO `schoollife_schoollifesession` VALUES (14931081,14931080,15180702,1,18,'2021-05-07 13:00:00','2021-05-07 14:00:00',0,0);
INSERT INTO `schoollife_schoollifesession` VALUES (14931082,14931080,15180702,1,19,'2021-05-14 13:00:00','2021-05-14 14:00:00',0,0);
INSERT INTO `schoollife_schoollifesession` VALUES (14931083,14931080,15180702,1,20,'2021-05-21 13:00:00','2021-05-21 14:00:00',0,0);
INSERT INTO `schoollife_schoollifesession` VALUES (14931084,14931080,15180702,1,21,'2021-05-28 13:00:00','2021-05-28 14:00:00',0,0);
INSERT INTO `schoollife_schoollifesession` VALUES (14931085,14931080,15180702,1,22,'2021-06-04 13:00:00','2021-06-04 14:00:00',0,0);
INSERT INTO `schoollife_schoollifesession` VALUES (14931086,14931080,15180702,1,23,'2021-06-11 13:00:00','2021-06-11 14:00:00',0,0);
INSERT INTO `schoollife_schoollifesession` VALUES (14931087,14931080,15180702,1,24,'2021-06-18 13:00:00','2021-06-18 14:00:00',0,0);
INSERT INTO `schoollife_schoollifesession` VALUES (14931088,14931080,15180702,1,25,'2021-06-25 13:00:00','2021-06-25 14:00:00',0,0);
INSERT INTO `schoollife_schoollifesession` VALUES (14931089,14931080,15180702,1,26,'2021-07-02 13:00:00','2021-07-02 14:00:00',0,0);
INSERT INTO `schoollife_schoollifesession` VALUES (14931091,14931090,15180702,1,18,'2021-05-05 09:00:00','2021-05-05 10:00:00',0,0);
INSERT INTO `schoollife_schoollifesession` VALUES (14931092,14931090,15180702,1,19,'2021-05-12 09:00:00','2021-05-12 10:00:00',0,0);
INSERT INTO `schoollife_schoollifesession` VALUES (14931093,14931090,15180702,1,20,'2021-05-19 09:00:00','2021-05-19 10:00:00',0,0);
INSERT INTO `schoollife_schoollifesession` VALUES (14931094,14931090,15180702,1,21,'2021-05-26 09:00:00','2021-05-26 10:00:00',0,0);
INSERT INTO `schoollife_schoollifesession` VALUES (14931095,14931090,15180702,1,22,'2021-06-02 09:00:00','2021-06-02 10:00:00',0,0);
INSERT INTO `schoollife_schoollifesession` VALUES (14931096,14931090,15180702,1,23,'2021-06-09 09:00:00','2021-06-09 10:00:00',0,0);
INSERT INTO `schoollife_schoollifesession` VALUES (14931097,14931090,15180702,1,24,'2021-06-16 09:00:00','2021-06-16 10:00:00',0,0);
INSERT INTO `schoollife_schoollifesession` VALUES (14931098,14931090,15180702,1,25,'2021-06-23 09:00:00','2021-06-23 10:00:00',0,0);
INSERT INTO `schoollife_schoollifesession` VALUES (14931099,14931090,15180702,1,26,'2021-06-30 09:00:00','2021-06-30 10:00:00',0,0);
INSERT INTO `schoollife_schoollifesession` VALUES (14931100,14931090,15180702,1,27,'2021-07-07 09:00:00','2021-07-07 10:00:00',0,0);
INSERT INTO `schoollife_schoollifesession` VALUES (14931102,14931101,15180702,2,18,'2021-05-05 11:00:00','2021-05-05 12:00:00',0,0);
INSERT INTO `schoollife_schoollifesession` VALUES (14931103,14931101,15180702,2,19,'2021-05-12 11:00:00','2021-05-12 12:00:00',0,0);
INSERT INTO `schoollife_schoollifesession` VALUES (14931104,14931101,15180702,2,20,'2021-05-19 11:00:00','2021-05-19 12:00:00',0,0);
INSERT INTO `schoollife_schoollifesession` VALUES (14931105,14931101,15180702,2,21,'2021-05-26 11:00:00','2021-05-26 12:00:00',0,0);
INSERT INTO `schoollife_schoollifesession` VALUES (14931106,14931101,15180702,2,22,'2021-06-02 11:00:00','2021-06-02 12:00:00',0,0);
INSERT INTO `schoollife_schoollifesession` VALUES (14931107,14931101,15180702,2,23,'2021-06-09 11:00:00','2021-06-09 12:00:00',0,0);
INSERT INTO `schoollife_schoollifesession` VALUES (14931108,14931101,15180702,2,24,'2021-06-16 11:00:00','2021-06-16 12:00:00',0,0);
INSERT INTO `schoollife_schoollifesession` VALUES (14931109,14931101,15180702,2,25,'2021-06-23 11:00:00','2021-06-23 12:00:00',0,0);
INSERT INTO `schoollife_schoollifesession` VALUES (14931110,14931101,15180702,2,26,'2021-06-30 11:00:00','2021-06-30 12:00:00',0,0);
INSERT INTO `schoollife_schoollifesession` VALUES (14931111,14931101,15180702,2,27,'2021-07-07 11:00:00','2021-07-07 12:00:00',0,0);
INSERT INTO `schoollife_schoollifesession` VALUES (14931113,14931112,15180702,3,18,'2021-05-05 10:00:00','2021-05-05 11:00:00',0,0);
INSERT INTO `schoollife_schoollifesession` VALUES (14931114,14931112,15180702,3,19,'2021-05-12 10:00:00','2021-05-12 11:00:00',0,0);
INSERT INTO `schoollife_schoollifesession` VALUES (14931115,14931112,15180702,3,20,'2021-05-19 10:00:00','2021-05-19 11:00:00',0,0);
INSERT INTO `schoollife_schoollifesession` VALUES (14931116,14931112,15180702,3,21,'2021-05-26 10:00:00','2021-05-26 11:00:00',0,0);
INSERT INTO `schoollife_schoollifesession` VALUES (14931117,14931112,15180702,3,22,'2021-06-02 10:00:00','2021-06-02 11:00:00',0,0);
INSERT INTO `schoollife_schoollifesession` VALUES (14931118,14931112,15180702,3,23,'2021-06-09 10:00:00','2021-06-09 11:00:00',0,0);
INSERT INTO `schoollife_schoollifesession` VALUES (14931119,14931112,15180702,3,24,'2021-06-16 10:00:00','2021-06-16 11:00:00',0,0);
INSERT INTO `schoollife_schoollifesession` VALUES (14931120,14931112,15180702,3,25,'2021-06-23 10:00:00','2021-06-23 11:00:00',0,0);
INSERT INTO `schoollife_schoollifesession` VALUES (14931121,14931112,15180702,3,26,'2021-06-30 10:00:00','2021-06-30 11:00:00',0,0);
INSERT INTO `schoollife_schoollifesession` VALUES (14931122,14931112,15180702,3,27,'2021-07-07 10:00:00','2021-07-07 11:00:00',0,0);
INSERT INTO `schoollife_schoollifesession` VALUES (14931124,14931123,15180702,5,18,'2021-05-05 09:00:00','2021-05-05 11:00:00',0,0);
INSERT INTO `schoollife_schoollifesession` VALUES (14931125,14931123,15180702,5,19,'2021-05-12 09:00:00','2021-05-12 11:00:00',0,0);
INSERT INTO `schoollife_schoollifesession` VALUES (14931126,14931123,15180702,5,20,'2021-05-19 09:00:00','2021-05-19 11:00:00',0,0);
INSERT INTO `schoollife_schoollifesession` VALUES (14931127,14931123,15180702,5,21,'2021-05-26 09:00:00','2021-05-26 11:00:00',0,0);
INSERT INTO `schoollife_schoollifesession` VALUES (14931128,14931123,15180702,5,22,'2021-06-02 09:00:00','2021-06-02 11:00:00',0,0);
INSERT INTO `schoollife_schoollifesession` VALUES (14931129,14931123,15180702,5,23,'2021-06-09 09:00:00','2021-06-09 11:00:00',0,0);
INSERT INTO `schoollife_schoollifesession` VALUES (14931130,14931123,15180702,5,24,'2021-06-16 09:00:00','2021-06-16 11:00:00',0,0);
INSERT INTO `schoollife_schoollifesession` VALUES (14931131,14931123,15180702,5,25,'2021-06-23 09:00:00','2021-06-23 11:00:00',0,0);
INSERT INTO `schoollife_schoollifesession` VALUES (14931132,14931123,15180702,5,26,'2021-06-30 09:00:00','2021-06-30 11:00:00',0,0);
INSERT INTO `schoollife_schoollifesession` VALUES (14931133,14931123,15180702,5,27,'2021-07-07 09:00:00','2021-07-07 11:00:00',0,0);
INSERT INTO `schoollife_schoollifesession` VALUES (14931135,14931134,15180702,4,18,'2021-05-05 11:00:00','2021-05-05 12:00:00',0,0);
INSERT INTO `schoollife_schoollifesession` VALUES (14931136,14931134,15180702,4,19,'2021-05-12 11:00:00','2021-05-12 12:00:00',0,0);
INSERT INTO `schoollife_schoollifesession` VALUES (14931137,14931134,15180702,4,20,'2021-05-19 11:00:00','2021-05-19 12:00:00',0,0);
INSERT INTO `schoollife_schoollifesession` VALUES (14931138,14931134,15180702,4,21,'2021-05-26 11:00:00','2021-05-26 12:00:00',0,0);
INSERT INTO `schoollife_schoollifesession` VALUES (14931139,14931134,15180702,4,22,'2021-06-02 11:00:00','2021-06-02 12:00:00',0,0);
INSERT INTO `schoollife_schoollifesession` VALUES (14931140,14931134,15180702,4,23,'2021-06-09 11:00:00','2021-06-09 12:00:00',0,0);
INSERT INTO `schoollife_schoollifesession` VALUES (14931141,14931134,15180702,4,24,'2021-06-16 11:00:00','2021-06-16 12:00:00',0,0);
INSERT INTO `schoollife_schoollifesession` VALUES (14931142,14931134,15180702,4,25,'2021-06-23 11:00:00','2021-06-23 12:00:00',0,0);
INSERT INTO `schoollife_schoollifesession` VALUES (14931143,14931134,15180702,4,26,'2021-06-30 11:00:00','2021-06-30 12:00:00',0,0);
INSERT INTO `schoollife_schoollifesession` VALUES (14931144,14931134,15180702,4,27,'2021-07-07 11:00:00','2021-07-07 12:00:00',0,0);
/*!40000 ALTER TABLE `schoollife_schoollifesession` ENABLE KEYS */;
UNLOCK TABLES;

--
-- Table structure for table `schoollife_schoollifesessionstudent`
--

DROP TABLE IF EXISTS `schoollife_schoollifesessionstudent`;
/*!40101 SET @saved_cs_client     = @@character_set_client */;
/*!40101 SET character_set_client = utf8 */;
CREATE TABLE `schoollife_schoollifesessionstudent` (
  `schoollifeSessionId` bigint(20) NOT NULL,
  `studentId` bigint(20) NOT NULL,
  `sourceTeacherId` bigint(20) DEFAULT NULL,
  `isPresent` tinyint(4) DEFAULT NULL,
  `notifyParents` tinyint(4) DEFAULT NULL,
  `comment_` longtext,
  `subject` varchar(300) DEFAULT NULL,
  PRIMARY KEY (`schoollifeSessionId`,`studentId`),
  KEY `IX_1013E4C7` (`schoollifeSessionId`),
  KEY `IX_5EDE017C` (`studentId`)
) ENGINE=InnoDB DEFAULT CHARSET=latin1;
/*!40101 SET character_set_client = @saved_cs_client */;

--
-- Dumping data for table `schoollife_schoollifesessionstudent`
--

LOCK TABLES `schoollife_schoollifesessionstudent` WRITE;
/*!40000 ALTER TABLE `schoollife_schoollifesessionstudent` DISABLE KEYS */;
INSERT INTO `schoollife_schoollifesessionstudent` VALUES (14928216,332238,10205,0,0,'','');
INSERT INTO `schoollife_schoollifesessionstudent` VALUES (14928403,330927,10205,0,0,'','');
INSERT INTO `schoollife_schoollifesessionstudent` VALUES (14928407,332238,10205,0,0,'','');
INSERT INTO `schoollife_schoollifesessionstudent` VALUES (14928408,329511,10205,0,0,'','');
INSERT INTO `schoollife_schoollifesessionstudent` VALUES (14928408,329913,10205,0,0,'','');
INSERT INTO `schoollife_schoollifesessionstudent` VALUES (14928408,330927,10205,0,0,'','');
INSERT INTO `schoollife_schoollifesessionstudent` VALUES (14928408,332238,10205,0,0,'','');
INSERT INTO `schoollife_schoollifesessionstudent` VALUES (14928410,330927,330975,0,0,'','');
INSERT INTO `schoollife_schoollifesessionstudent` VALUES (14928410,332238,10205,0,0,'','');
INSERT INTO `schoollife_schoollifesessionstudent` VALUES (14928411,330927,10205,0,0,'','');
INSERT INTO `schoollife_schoollifesessionstudent` VALUES (14928602,330927,328995,0,0,'','');
INSERT INTO `schoollife_schoollifesessionstudent` VALUES (14928606,331321,10205,0,0,'','');
INSERT INTO `schoollife_schoollifesessionstudent` VALUES (14928607,330927,10205,0,0,'','');
INSERT INTO `schoollife_schoollifesessionstudent` VALUES (14928607,332238,10205,0,0,'','');
INSERT INTO `schoollife_schoollifesessionstudent` VALUES (14928610,330927,10205,0,0,'','');
INSERT INTO `schoollife_schoollifesessionstudent` VALUES (14928611,330927,10205,0,0,'','');
INSERT INTO `schoollife_schoollifesessionstudent` VALUES (14928612,330927,10205,0,0,'','');
INSERT INTO `schoollife_schoollifesessionstudent` VALUES (14929503,330927,10205,0,0,'','');
INSERT INTO `schoollife_schoollifesessionstudent` VALUES (14929503,332238,10205,0,0,'','');
INSERT INTO `schoollife_schoollifesessionstudent` VALUES (14929708,329116,10205,0,0,'','');
INSERT INTO `schoollife_schoollifesessionstudent` VALUES (14929714,329084,10205,0,0,'','');
INSERT INTO `schoollife_schoollifesessionstudent` VALUES (14930002,328770,10205,0,0,'','');
INSERT INTO `schoollife_schoollifesessionstudent` VALUES (14930008,329076,10205,0,0,'','');
INSERT INTO `schoollife_schoollifesessionstudent` VALUES (14930008,329229,10205,0,0,'','');
INSERT INTO `schoollife_schoollifesessionstudent` VALUES (14930008,329913,10205,0,0,'','');
INSERT INTO `schoollife_schoollifesessionstudent` VALUES (14930008,330138,10205,0,0,'','');
INSERT INTO `schoollife_schoollifesessionstudent` VALUES (14930008,332238,10205,0,0,'','');
INSERT INTO `schoollife_schoollifesessionstudent` VALUES (14930961,329084,4696749,0,0,'','');
INSERT INTO `schoollife_schoollifesessionstudent` VALUES (14930962,329084,4696749,0,0,'','');
/*!40000 ALTER TABLE `schoollife_schoollifesessionstudent` ENABLE KEYS */;
UNLOCK TABLES;

--
-- Table structure for table `schoollife_schoollifeslot`
--

DROP TABLE IF EXISTS `schoollife_schoollifeslot`;
/*!40101 SET @saved_cs_client     = @@character_set_client */;
/*!40101 SET character_set_client = utf8 */;
CREATE TABLE `schoollife_schoollifeslot` (
  `schoollifeSlotId` bigint(20) NOT NULL,
  `schoolId` bigint(20) DEFAULT NULL,
  `day` int(11) DEFAULT NULL,
  `startHour` varchar(75) DEFAULT NULL,
  `endHour` varchar(75) DEFAULT NULL,
  `teacherId` bigint(20) DEFAULT NULL,
  `type_` int(11) DEFAULT NULL,
  `room` varchar(75) DEFAULT NULL,
  `capacity` int(11) DEFAULT NULL,
  PRIMARY KEY (`schoollifeSlotId`),
  KEY `IX_A1AEA10F` (`schoolId`,`type_`),
  KEY `IX_C459BF20` (`schoollifeSlotId`),
  KEY `IX_BA5DEA4A` (`teacherId`),
  KEY `IX_562A2192` (`type_`)
) ENGINE=InnoDB DEFAULT CHARSET=latin1;
/*!40101 SET character_set_client = @saved_cs_client */;

--
-- Dumping data for table `schoollife_schoollifeslot`
--

LOCK TABLES `schoollife_schoollifeslot` WRITE;
/*!40000 ALTER TABLE `schoollife_schoollifeslot` DISABLE KEYS */;
INSERT INTO `schoollife_schoollifeslot` VALUES (14928213,328701,4,'08:00','10:00',330975,1,'de',15);
INSERT INTO `schoollife_schoollifeslot` VALUES (14928215,328701,2,'09:00','11:00',330975,1,'48',46);
INSERT INTO `schoollife_schoollifeslot` VALUES (14928301,328701,3,'10:00','12:00',330097,1,'2²',66);
INSERT INTO `schoollife_schoollifeslot` VALUES (14928303,328701,4,'08:45','09:30',329679,4,'15',51);
INSERT INTO `schoollife_schoollifeslot` VALUES (14928402,328701,3,'09:00','11:00',332442,1,'54',45);
INSERT INTO `schoollife_schoollifeslot` VALUES (14928406,328701,3,'09:00','11:00',330975,5,'48',4);
INSERT INTO `schoollife_schoollifeslot` VALUES (14928409,328701,1,'09:00','10:00',332442,1,'f7',77);
INSERT INTO `schoollife_schoollifeslot` VALUES (14928601,328701,3,'13:00','15:00',328995,5,'sz',15);
INSERT INTO `schoollife_schoollifeslot` VALUES (14928605,328701,1,'14:00','16:00',330975,1,'5',15);
INSERT INTO `schoollife_schoollifeslot` VALUES (14928609,328701,1,'09:00','11:00',333303,5,'d54',61);
INSERT INTO `schoollife_schoollifeslot` VALUES (14928901,328701,1,'10:00','11:00',328995,1,'54',55);
INSERT INTO `schoollife_schoollifeslot` VALUES (14929402,328701,2,'09:00','11:00',334777,1,'54',4);
INSERT INTO `schoollife_schoollifeslot` VALUES (14929405,328701,1,'09:00','11:00',329003,1,'d8',94);
INSERT INTO `schoollife_schoollifeslot` VALUES (14929502,328701,2,'09:00','11:00',358709,3,'e',48);
INSERT INTO `schoollife_schoollifeslot` VALUES (14929705,328701,4,'15:00','16:00',333086,1,'frf',5);
INSERT INTO `schoollife_schoollifeslot` VALUES (14929707,328701,3,'14:00','16:00',329285,1,'rf',548);
INSERT INTO `schoollife_schoollifeslot` VALUES (14929713,328701,3,'09:00','10:00',332724,2,'de',5);
INSERT INTO `schoollife_schoollifeslot` VALUES (14930001,328701,2,'09:00','11:00',330975,4,'15',56);
INSERT INTO `schoollife_schoollifeslot` VALUES (14930006,328701,1,'09:00','11:00',330975,4,'fr',5);
INSERT INTO `schoollife_schoollifeslot` VALUES (14930009,328701,2,'15:00','16:00',330483,4,'r',58);
INSERT INTO `schoollife_schoollifeslot` VALUES (14930401,328701,2,'09:00','10:00',332442,5,'yh',74);
INSERT INTO `schoollife_schoollifeslot` VALUES (14930405,328701,3,'09:01','10:00',329285,3,'ee',8);
INSERT INTO `schoollife_schoollifeslot` VALUES (14930406,328701,3,'12:01','13:00',329285,1,'e',3);
INSERT INTO `schoollife_schoollifeslot` VALUES (14930921,328701,1,'09:00','10:00',332442,4,'ed',77);
INSERT INTO `schoollife_schoollifeslot` VALUES (14930932,328701,4,'16:00','17:00',328995,4,'r',1546);
INSERT INTO `schoollife_schoollifeslot` VALUES (14930942,328701,1,'08:00','09:00',333512,5,'rt',154);
INSERT INTO `schoollife_schoollifeslot` VALUES (14930953,328701,4,'10:00','14:00',329148,5,'f12',48);
INSERT INTO `schoollife_schoollifeslot` VALUES (14930963,328701,1,'15:00','16:00',329486,3,'r',54);
INSERT INTO `schoollife_schoollifeslot` VALUES (14930974,328701,2,'15:00','16:00',333930,3,'t',48);
INSERT INTO `schoollife_schoollifeslot` VALUES (14930985,328701,4,'08:00','09:00',331345,2,'dd',7);
INSERT INTO `schoollife_schoollifeslot` VALUES (14930996,328701,2,'09:00','10:00',7750717,2,'r',1);
INSERT INTO `schoollife_schoollifeslot` VALUES (14931007,328701,4,'08:00','10:00',335067,3,'yh',1);
INSERT INTO `schoollife_schoollifeslot` VALUES (14931018,328701,1,'12:00','13:00',330483,5,'r',1);
INSERT INTO `schoollife_schoollifeslot` VALUES (14931029,328701,2,'09:00','10:00',332442,4,'1g5',1);
INSERT INTO `schoollife_schoollifeslot` VALUES (14931040,328701,5,'17:00','18:00',334822,1,'d12',1);
INSERT INTO `schoollife_schoollifeslot` VALUES (14931050,328701,5,'16:00','17:00',329285,1,'e',8);
INSERT INTO `schoollife_schoollifeslot` VALUES (14931060,328701,5,'15:00','16:00',330097,1,'r',48);
INSERT INTO `schoollife_schoollifeslot` VALUES (14931070,328701,5,'14:00','15:00',333721,1,'s',48);
INSERT INTO `schoollife_schoollifeslot` VALUES (14931080,328701,5,'13:00','14:00',12305117,1,'tg',7);
INSERT INTO `schoollife_schoollifeslot` VALUES (14931090,328701,3,'09:00','10:00',330097,1,'48',15);
INSERT INTO `schoollife_schoollifeslot` VALUES (14931101,328701,3,'11:00','12:00',328995,2,'d',4);
INSERT INTO `schoollife_schoollifeslot` VALUES (14931112,328701,3,'10:00','11:00',332442,3,'e',7);
INSERT INTO `schoollife_schoollifeslot` VALUES (14931123,328701,3,'09:00','11:00',334918,5,'9',9);
INSERT INTO `schoollife_schoollifeslot` VALUES (14931134,328701,3,'11:00','12:00',332093,4,'e',14);
/*!40000 ALTER TABLE `schoollife_schoollifeslot` ENABLE KEYS */;
UNLOCK TABLES;
/*!40103 SET TIME_ZONE=@OLD_TIME_ZONE */;

/*!40101 SET SQL_MODE=@OLD_SQL_MODE */;
/*!40014 SET FOREIGN_KEY_CHECKS=@OLD_FOREIGN_KEY_CHECKS */;
/*!40014 SET UNIQUE_CHECKS=@OLD_UNIQUE_CHECKS */;
/*!40101 SET CHARACTER_SET_CLIENT=@OLD_CHARACTER_SET_CLIENT */;
/*!40101 SET CHARACTER_SET_RESULTS=@OLD_CHARACTER_SET_RESULTS */;
/*!40101 SET COLLATION_CONNECTION=@OLD_COLLATION_CONNECTION */;
/*!40111 SET SQL_NOTES=@OLD_SQL_NOTES */;

-- Dump completed on 2022-10-27 10:49:20
